{
    "-1002349855095": [
        {
            "chat_id": -1002349855095,
            "message_id": 55,
            "text": "سلام به همه #آموزش تلگرام اینجا شروع می‌شود!",
            "date": "2025-03-14 05:40:00"
        },
        {
            "chat_id": -1002349855095,
            "message_id": 56,
            "text": "این یک پست #آموزشی برای تست قابلیت جستجوی هشتگ است",
            "date": "2025-03-14 05:41:00"
        },
        {
            "chat_id": -1002349855095,
            "message_id": 57,
            "text": "پست سوم با #هشتگ نمونه برای تست",
            "date": "2025-03-14 05:42:00"
        }
    ],
    "hPsuLgqdqJdmNDA0": [
        {
            "chat_id": "hPsuLgqdqJdmNDA0",
            "message_id": 1,
            "text": "این یک پیام نمونه با #آموزش هشتگ است",
            "date": "2025-03-14 05:30:00"
        },
        {
            "chat_id": "hPsuLgqdqJdmNDA0",
            "message_id": 2,
            "text": "پیام دوم از کانال با هشتگ #تلگرام",
            "date": "2025-03-14 05:35:00"
        }
    ]
}