{"status": "📊 **وضعیت تفصیلی سرور:**\n➖➖➖➖➖➖➖➖➖➖➖➖\n🤖 **وضعیت ربات:**\n▫️ وضعیت: `فعال ✅`\n\n💻 **اطلاعات سیستم:**\n▫️ سیستم عامل: `Linux-6.2.16-x86_64-with-glibc2.40`\n▫️ معماری: `x86_64`\n▫️ پایتون: `3.11.10`\n▫️ پردازنده: `نامشخص`\n\n🔄 **وضعیت CPU:**\n▫️ استفاده: `51.2%`\n▫️ تعداد هسته: `8`\n▫️ فرکانس: `3050.0 MHz`\n▫️ روند: `🟢 پایدار`\n▫️ پیش‌بینی: `وضعیت پایدار برای هفته آینده`\n\n💾 **وضعیت RAM:**\n▫️ کل: `62.81 GB`\n▫️ استفاده شده: `37.04 GB (59.9%)`\n▫️ آزاد: `25.17 GB`\n▫️ روند: `🟢 پایدار`\n▫️ پیش‌بینی: `وضعیت پایدار برای هفته آینده`\n\n💿 **وضعیت SWAP:**\n▫️ کل: `0.00 B`\n▫️ استفاده شده: `0.00 B (0.0%)`\n▫️ آزاد: `0.00 B`\n\n💽 **وضعیت دیسک:**\n▫️ کل: `49.12 GB`\n▫️ استفاده شده: `20.16 GB (42.8%)`\n▫️ آزاد: `26.89 GB`\n▫️ روند: `🟢 پایدار`\n▫️ پیش‌بینی: `وضعیت پایدار برای هفته آینده`\n\n🌐 **وضعیت شبکه:**\n▫️ دریافت شده: `16.60 MB`\n▫️ ارسال شده: `324.62 KB`\n▫️ خطاهای دریافت: `0`\n▫️ خطاهای ارسال: `0`\n\n⏰ **اطلاعات زمانی:**\n▫️ زمان سرور: `2025-03-18 16:36:06`\n▫️ زمان راه‌اندازی: `2025-03-18 12:45:33`\n▫️ مدت کارکرد: `3:50:33`\n\n📝 **وضعیت فرایندها:**\n▫️ تعداد کل: `15`\n", "timestamp": "2025-03-18T16:36:06.001941", "details": {"cpu_usage": 51.2, "ram_usage": 59.9, "disk_usage": 42.8, "predictions": {"cpu": "وضعیت پایدار برای هفته آینده", "ram": "وضعیت پایدار برای هفته آینده", "disk": "وضعیت پایدار برای هفته آینده"}}}